SupplierID,Name,Phone,Email,Address
1,"Pouros, Rolfson and Weissnat",+20 103 498 0530,dbaugh0@nhs.uk,79961 Utah Center
2,"Nolan, Streich and Hane",+55 907 590 6686,tcreavin1@slideshare.net,8396 Dapin Alley
3,"Donnelly, Wolf and Oberbrunner",+36 101 731 3838,dconing2@canalblog.com,9 Shopko Park
4,O'Kon-Nader,+66 868 427 7807,jshackesby3@msu.edu,6121 Esker Way
5,"Mayer, McDermott and Klocko",+62 526 904 5045,borsman4@salon.com,5562 4th Terrace
6,Dach-Eichmann,+63 646 160 6134,bjeannenet5@multiply.com,384 Lerdahl Parkway
7,Collier-Kub,+7 580 492 1701,csemkins6@youku.com,226 Waxwing Avenue
8,Conroy Group,+86 527 960 7279,fclute7@spiegel.de,5967 Kensington Court
9,Larkin-Von,+51 498 528 7225,asadd8@gnu.org,84679 Sullivan Crossing
10,"Crist, Volkman and Hegmann",+267 788 631 1505,lgoning9@merriam-webster.com,63803 Marquette Circle
11,"Robel, Graham and Veum",+98 252 613 0823,ddillamorea@qq.com,46663 3rd Crossing
12,"Kassulke, Thompson and Nienow",+55 737 967 1748,channb@patch.com,11135 Jay Court
13,Carroll Inc,+63 313 496 5221,mrenolc@oakley.com,89 Sauthoff Center
14,Russel and Sons,+505 261 726 2220,dkennaghd@samsung.com,11 Brickson Park Avenue
15,Labadie Inc,+420 151 148 5671,kskipworthe@bloomberg.com,7481 Golf View Court
16,Mitchell-Prosacco,+1 178 867 0880,lpreatorf@youtu.be,9 Charing Cross Point
17,"Ernser, Ullrich and Morar",+62 719 618 6298,lbostockg@nih.gov,171 Scofield Trail
18,Kulas-Walsh,+46 694 412 5750,ogatush@wikimedia.org,48 Anzinger Crossing
19,Cronin LLC,+86 510 421 8589,jhamperi@webs.com,7 Londonderry Road
20,Simonis and Sons,+63 732 535 8131,dtortoisej@163.com,700 Melvin Center
21,"Rowe, Pacocha and Grant",+66 840 722 4929,jariesk@theatlantic.com,707 Green Circle
22,"Hodkiewicz, Welch and Berge",+355 242 755 0027,aangelil@issuu.com,9 Milwaukee Hill
23,Christiansen-Douglas,+963 959 876 7795,rtudhopem@whitehouse.gov,3 Di Loreto Plaza
24,"Ruecker, Kunze and Kling",+1 812 877 1000,sgillben@virginia.edu,415 Ilene Alley
25,Steuber LLC,+420 789 695 3430,jrushfortho@tiny.cc,2 John Wall Road
26,"Bosco, Erdman and Sanford",+7 727 885 8395,lmaciejap@ox.ac.uk,730 Loeprich Road
27,Hermann-Auer,+45 838 235 7625,cbegginq@hc360.com,95798 Kennedy Trail
28,Hirthe-Heaney,+7 310 935 2080,arylstoner@quantcast.com,95957 Anhalt Center
29,Romaguera LLC,+507 754 188 9695,ppasleys@mysql.com,5690 6th Lane
30,Homenick Group,+351 953 421 2372,vsmileyt@ed.gov,74 Blue Bill Park Point
31,"Ziemann, Powlowski and Howe",+86 776 600 7367,gfolshomu@noaa.gov,73215 Oakridge Road
32,Stokes-Jacobson,+33 556 805 5329,mshurmorev@uol.com.br,9451 Esker Drive
33,Gaylord-Schmitt,+212 218 393 6591,rlemeriew@furl.net,9178 Hudson Plaza
34,Gusikowski-Gleichner,+54 763 178 3478,pgoldupx@zimbio.com,6404 Kipling Alley
35,"Kovacek, Bruen and Upton",+86 515 250 4570,ycrawforthy@mit.edu,81 Mallory Place
36,"Gleichner, Heathcote and Kuvalis",+962 253 678 9886,vweatherdonz@un.org,33260 Rigney Junction
37,MacGyver and Sons,+47 988 543 3188,jmartellini10@newsvine.com,380 Sachs Center
38,"Fahey, Will and Mayert",+1 206 979 1432,jhacquel11@examiner.com,60 Barnett Alley
39,"Rau, Streich and Wyman",+504 521 987 1910,mkamien12@angelfire.com,95 Dorton Point
40,Kilback-Zboncak,+86 739 916 1590,wmabone13@ucsd.edu,8517 Merry Parkway
41,"Conn, Hackett and Russel",+62 123 135 1248,kkeough14@amazon.co.jp,8 Tennyson Road
42,"Streich, Hane and Bosco",+370 994 529 9411,rmordecai15@clickbank.net,22 Northland Street
43,Franecki and Sons,+351 429 276 8191,adegg16@over-blog.com,52 Barby Center
44,"Wolff, Mraz and Bailey",+27 864 540 8510,lmcgonagle17@tamu.edu,52118 Pond Pass
45,"Willms, Lynch and Terry",+7 855 749 1292,aetchell18@goo.gl,98 Fairfield Circle
46,"Reichel, Halvorson and Herzog",+30 106 576 1386,qpickston19@altervista.org,67207 Pleasure Place
47,Gaylord LLC,+63 562 121 4242,ltabourin1a@opensource.org,082 Bonner Hill
48,Rosenbaum Group,+84 317 709 2668,ccroad1b@netscape.com,89102 Heffernan Point
49,Von and Sons,+963 552 649 8681,cgilhouley1c@mozilla.com,82354 Ruskin Plaza
50,"Jenkins, Barton and Altenwerth",+63 289 102 0803,dchalcroft1d@delicious.com,7 Mcguire Way
51,Leuschke Inc,+46 913 918 9068,dtruckell1e@deliciousdays.com,63 Commercial Place
52,Prosacco-Balistreri,+374 972 455 3902,wsallis1f@ask.com,70 Jay Street
53,Jacobs-Romaguera,+63 838 276 0562,adreelan1g@gov.uk,9517 Loeprich Pass
54,"Kilback, Kassulke and Waters",+84 634 175 7489,gyantsurev1h@cbc.ca,7 Thompson Court
55,"Wilkinson, Hudson and Kunde",+45 928 273 5163,zstroban1i@state.gov,969 Colorado Point
56,Nicolas-Collier,+224 106 203 9113,kimison1j@npr.org,51 Summer Ridge Terrace
57,Hand and Sons,+63 580 778 5771,ocaveau1k@live.com,20 Anthes Way
58,Anderson and Sons,+55 505 330 5700,tschuh1l@stanford.edu,0001 Summerview Plaza
59,Christiansen-Strosin,+47 124 699 4206,mdacosta1m@i2i.jp,48 South Center
60,Considine Inc,+380 753 482 3434,agodfery1n@harvard.edu,13769 Nelson Park
61,Kreiger-Towne,+46 538 810 4814,aaldhouse1o@amazon.com,65 7th Road
62,Gutmann Inc,+62 548 613 5006,cabell1p@ezinearticles.com,1 Warner Park
63,"Larson, Kuhic and Lesch",+1 336 148 4352,callibon1q@clickbank.net,3 Northland Alley
64,Wolff and Sons,+504 582 932 1110,astrang1r@businessinsider.com,83910 Reindahl Alley
65,Lakin-Haag,+850 499 722 2984,jbunney1s@scientificamerican.com,40 Dahle Terrace
66,"Jacobs, Herman and Kessler",+48 767 378 4303,ddallas1t@weebly.com,0 Clarendon Pass
67,"Hane, Hickle and Towne",+55 337 248 5204,tlarkkem1u@dagondesign.com,30715 Maple Wood Crossing
68,Legros Group,+86 434 919 7762,mkislingbury1v@simplemachines.org,78365 Tennyson Trail
69,Koepp Inc,+351 132 164 3561,csketcher1w@plala.or.jp,58536 Mcguire Hill
70,Emmerich-Krajcik,+48 542 133 7908,btiptaft1x@utexas.edu,7288 Hoffman Lane
71,"Ortiz, Bosco and West",+7 766 344 4909,tcicchillo1y@netvibes.com,1 David Place
72,"Lowe, Dicki and Emmerich",+1 968 885 3499,dportchmouth1z@opensource.org,53 Sunfield Plaza
73,Reynolds-Carter,+55 175 623 2302,hgrinnell20@artisteer.com,3 Kinsman Avenue
74,Crooks-Quitzon,+7 121 791 2263,fkilford21@prlog.org,10209 Canary Trail
75,"Dare, Ernser and Lindgren",+420 981 759 0153,mphilpot22@sina.com.cn,7 Bartillon Avenue
76,Stracke-Jenkins,+972 367 910 5670,acarmo23@youtube.com,9 Harbort Junction
77,Purdy and Sons,+62 933 861 3110,ahughman24@yahoo.com,986 Gerald Crossing
78,"Stoltenberg, Harber and Kshlerin",+380 412 132 7098,lcordle25@sphinn.com,06531 Hallows Court
79,"Schinner, Legros and Wuckert",+30 867 722 4109,redinburough26@github.io,85593 Trailsway Alley
80,Hermiston Group,+81 493 187 8027,otaffrey27@networksolutions.com,42251 Tennessee Junction
81,Bayer Group,+81 658 970 5476,mkneller28@wikipedia.org,398 Oriole Plaza
82,Braun Group,+86 646 375 3836,delleton29@oracle.com,7 Talmadge Way
83,Reynolds-Romaguera,+93 779 392 8093,hgiotto2a@mozilla.org,2 School Lane
84,"Kautzer, Macejkovic and Cole",+81 142 332 3430,dbauckham2b@csmonitor.com,695 Evergreen Parkway
85,"Ritchie, Skiles and Gaylord",+1 649 610 6251,gnouch2c@cbslocal.com,6 Cordelia Point
86,"O'Conner, Johnston and Lind",+967 366 247 4532,pchasemoore2d@apache.org,67 Sundown Trail
87,Sanford-Heidenreich,+48 229 485 5348,dlorrie2e@360.cn,71959 Scofield Center
88,Mayer Inc,+967 356 845 2348,cknocker2f@hugedomains.com,4991 Fair Oaks Place
89,"Haag, MacGyver and Balistreri",+355 329 512 1851,edrillingcourt2g@miibeian.gov.cn,391 Talmadge Lane
90,Rau Group,+420 719 322 3803,lgrestie2h@about.com,27 Coolidge Lane
91,Stoltenberg Group,+62 324 771 0045,kruthen2i@noaa.gov,65 Goodland Road
92,Stoltenberg-Mayer,+86 453 526 1263,rkinrade2j@unblog.fr,31204 Charing Cross Way
93,"Wehner, Jakubowski and Lehner",+46 974 654 3760,awhorton2k@nasa.gov,4256 Manitowish Drive
94,Harris-Johns,+62 231 291 7388,sbrunroth2l@digg.com,20365 School Alley
95,Gusikowski-Brown,+63 189 594 1070,bwaddilow2m@vimeo.com,41 Acker Point
96,Langosh and Sons,+389 816 531 8644,webbage2n@uiuc.edu,054 Service Alley
97,Raynor-Nolan,+385 853 452 8000,lwiddop2o@chron.com,5 Summit Parkway
98,Nolan Group,+31 644 539 2011,mblacklock2p@flavors.me,129 Brickson Park Street
99,"Stehr, Leannon and Hermann",+261 963 416 7411,tthain2q@yellowpages.com,2124 Florence Trail
100,Mante LLC,+20 448 416 1601,jlarkin2r@uiuc.edu,15126 Grim Avenue
